idblk,row,col,xpos,ypos,ncol_per_row,is_on_edge
0,0,0,1.45074,-0.62217,12,1
1,0,1,1.45074,-0.57925,12,1
2,0,2,1.45074,-0.53632,12,1
3,0,3,1.45074,-0.49177,12,1
4,0,4,1.45074,-0.44884,12,1
5,0,5,1.45074,-0.40592,12,1
6,0,6,1.45074,-0.36137,12,1
7,0,7,1.45074,-0.31844,12,1
8,0,8,1.45074,-0.27551,12,1
9,0,9,1.45074,-0.23096,12,1
10,0,10,1.45074,-0.18804,12,1
11,0,11,1.45074,-0.14511,12,1
12,1,0,1.40781,-0.62217,12,1
13,1,1,1.40781,-0.57925,12,0
14,1,2,1.40781,-0.53632,12,0
15,1,3,1.40781,-0.49177,12,0
16,1,4,1.40781,-0.44884,12,0
17,1,5,1.40781,-0.40592,12,0
18,1,6,1.40781,-0.36137,12,0
19,1,7,1.40781,-0.31844,12,0
20,1,8,1.40781,-0.27551,12,0
21,1,9,1.40781,-0.23096,12,0
22,1,10,1.40781,-0.18804,12,0
23,1,11,1.40781,-0.14511,12,1
24,2,0,1.36489,-0.62217,12,1
25,2,1,1.36489,-0.57925,12,0
26,2,2,1.36489,-0.53632,12,0
27,2,3,1.36489,-0.49177,12,0
28,2,4,1.36489,-0.44884,12,0
29,2,5,1.36489,-0.40592,12,0
30,2,6,1.36489,-0.36137,12,0
31,2,7,1.36489,-0.31844,12,0
32,2,8,1.36489,-0.27551,12,0
33,2,9,1.36489,-0.23096,12,0
34,2,10,1.36489,-0.18804,12,0
35,2,11,1.36489,-0.14511,12,1
36,3,0,1.32196,-0.58097,18,1
37,3,1,1.32196,-0.53805,18,0
38,3,2,1.32196,-0.49512,18,0
39,3,3,1.32196,-0.45057,18,0
40,3,4,1.32196,-0.40764,18,0
41,3,5,1.32196,-0.36472,18,0
42,3,6,1.32196,-0.32017,18,0
43,3,7,1.32196,-0.27724,18,0
44,3,8,1.32196,-0.23432,18,0
45,3,9,1.32196,-0.18976,18,0
46,3,10,1.32196,-0.14684,18,0
47,3,11,1.32196,-0.10391,18,0
48,3,12,1.32196,-0.05936,18,0
49,3,13,1.32196,-0.01643,18,0
50,3,14,1.32196,0.02649,18,0
51,3,15,1.32196,0.07104,18,0
52,3,16,1.32196,0.11397,18,0
53,3,17,1.32196,0.1569,18,1
54,4,0,1.27903,-0.58097,18,1
55,4,1,1.27903,-0.53805,18,0
56,4,2,1.27903,-0.49512,18,0
57,4,3,1.27903,-0.45057,18,0
58,4,4,1.27903,-0.40764,18,0
59,4,5,1.27903,-0.36472,18,0
60,4,6,1.27903,-0.32017,18,0
61,4,7,1.27903,-0.27724,18,0
62,4,8,1.27903,-0.23432,18,0
63,4,9,1.27903,-0.18976,18,0
64,4,10,1.27903,-0.14684,18,0
65,4,11,1.27903,-0.10391,18,0
66,4,12,1.27903,-0.05936,18,0
67,4,13,1.27903,-0.01643,18,0
68,4,14,1.27903,0.02649,18,0
69,4,15,1.27903,0.07104,18,0
70,4,16,1.27903,0.11397,18,0
71,4,17,1.27903,0.1569,18,1
72,5,0,1.23611,-0.58097,18,1
73,5,1,1.23611,-0.53805,18,0
74,5,2,1.23611,-0.49512,18,0
75,5,3,1.23611,-0.45057,18,0
76,5,4,1.23611,-0.40764,18,0
77,5,5,1.23611,-0.36472,18,0
78,5,6,1.23611,-0.32017,18,0
79,5,7,1.23611,-0.27724,18,0
80,5,8,1.23611,-0.23432,18,0
81,5,9,1.23611,-0.18976,18,0
82,5,10,1.23611,-0.14684,18,0
83,5,11,1.23611,-0.10391,18,0
84,5,12,1.23611,-0.05936,18,0
85,5,13,1.23611,-0.01643,18,0
86,5,14,1.23611,0.02649,18,0
87,5,15,1.23611,0.07104,18,0
88,5,16,1.23611,0.11397,18,0
89,5,17,1.23611,0.1569,18,1
90,6,0,1.19318,-0.62217,21,1
91,6,1,1.19318,-0.57925,21,0
92,6,2,1.19318,-0.53632,21,0
93,6,3,1.19318,-0.49177,21,0
94,6,4,1.19318,-0.44884,21,0
95,6,5,1.19318,-0.40592,21,0
96,6,6,1.19318,-0.36137,21,0
97,6,7,1.19318,-0.31844,21,0
98,6,8,1.19318,-0.27551,21,0
99,6,9,1.19318,-0.23096,21,0
100,6,10,1.19318,-0.18804,21,0
101,6,11,1.19318,-0.14511,21,0
102,6,12,1.19318,-0.10056,21,0
103,6,13,1.19318,-5.76E-02,21,0
104,6,14,1.19318,-0.01471,21,0
105,6,15,1.19318,0.02984,21,0
106,6,16,1.19318,0.07277,21,0
107,6,17,1.19318,0.1157,21,0
108,6,18,1.19318,0.16025,21,0
109,6,19,1.19318,0.20317,21,0
110,6,20,1.19318,0.2461,21,1
111,7,0,1.15026,-0.62217,21,1
112,7,1,1.15026,-0.57925,21,0
113,7,2,1.15026,-0.53632,21,0
114,7,3,1.15026,-0.49177,21,0
115,7,4,1.15026,-0.44884,21,0
116,7,5,1.15026,-0.40592,21,0
117,7,6,1.15026,-0.36137,21,0
118,7,7,1.15026,-0.31844,21,0
119,7,8,1.15026,-0.27551,21,0
120,7,9,1.15026,-0.23096,21,0
121,7,10,1.15026,-0.18804,21,0
122,7,11,1.15026,-0.14511,21,0
123,7,12,1.15026,-0.10056,21,0
124,7,13,1.15026,-5.76E-02,21,0
125,7,14,1.15026,-0.01471,21,0
126,7,15,1.15026,0.02984,21,0
127,7,16,1.15026,0.07277,21,0
128,7,17,1.15026,0.1157,21,0
129,7,18,1.15026,0.16025,21,0
130,7,19,1.15026,0.20317,21,0
131,7,20,1.15026,0.2461,21,1
132,8,0,1.10733,-0.62217,21,1
133,8,1,1.10733,-0.57925,21,0
134,8,2,1.10733,-0.53632,21,0
135,8,3,1.10733,-0.49177,21,0
136,8,4,1.10733,-0.44884,21,0
137,8,5,1.10733,-0.40592,21,0
138,8,6,1.10733,-0.36137,21,0
139,8,7,1.10733,-0.31844,21,0
140,8,8,1.10733,-0.27551,21,0
141,8,9,1.10733,-0.23096,21,0
142,8,10,1.10733,-0.18804,21,0
143,8,11,1.10733,-0.14511,21,0
144,8,12,1.10733,-0.10056,21,0
145,8,13,1.10733,-5.76E-02,21,0
146,8,14,1.10733,-0.01471,21,0
147,8,15,1.10733,0.02984,21,0
148,8,16,1.10733,0.07277,21,0
149,8,17,1.10733,0.1157,21,0
150,8,18,1.10733,0.16025,21,0
151,8,19,1.10733,0.20317,21,0
152,8,20,1.10733,0.2461,21,1
153,9,0,1.0644,-0.58097,21,1
154,9,1,1.0644,-0.53805,21,0
155,9,2,1.0644,-0.49512,21,0
156,9,3,1.0644,-0.45057,21,0
157,9,4,1.0644,-0.40764,21,0
158,9,5,1.0644,-0.36472,21,0
159,9,6,1.0644,-0.32017,21,0
160,9,7,1.0644,-0.27724,21,0
161,9,8,1.0644,-0.23432,21,0
162,9,9,1.0644,-0.18976,21,0
163,9,10,1.0644,-0.14684,21,0
164,9,11,1.0644,-0.10391,21,0
165,9,12,1.0644,-0.05936,21,0
166,9,13,1.0644,-0.01643,21,0
167,9,14,1.0644,0.02649,21,0
168,9,15,1.0644,0.07104,21,0
169,9,16,1.0644,0.11397,21,0
170,9,17,1.0644,0.1569,21,0
171,9,18,1.0644,0.20145,21,0
172,9,19,1.0644,0.24437,21,0
173,9,20,1.0644,0.2873,21,1
174,10,0,1.02148,-0.58097,21,1
175,10,1,1.02148,-0.53805,21,0
176,10,2,1.02148,-0.49512,21,0
177,10,3,1.02148,-0.45057,21,0
178,10,4,1.02148,-0.40764,21,0
179,10,5,1.02148,-0.36472,21,0
180,10,6,1.02148,-0.32017,21,0
181,10,7,1.02148,-0.27724,21,0
182,10,8,1.02148,-0.23432,21,0
183,10,9,1.02148,-0.18976,21,0
184,10,10,1.02148,-0.14684,21,0
185,10,11,1.02148,-0.10391,21,0
186,10,12,1.02148,-0.05936,21,0
187,10,13,1.02148,-0.01643,21,0
188,10,14,1.02148,0.02649,21,0
189,10,15,1.02148,0.07104,21,0
190,10,16,1.02148,0.11397,21,0
191,10,17,1.02148,0.1569,21,0
192,10,18,1.02148,0.20145,21,0
193,10,19,1.02148,0.24437,21,0
194,10,20,1.02148,0.2873,21,1
195,11,0,0.97855,-0.58097,21,1
196,11,1,0.97855,-0.53805,21,0
197,11,2,0.97855,-0.49512,21,0
198,11,3,0.97855,-0.45057,21,0
199,11,4,0.97855,-0.40764,21,0
200,11,5,0.97855,-0.36472,21,0
201,11,6,0.97855,-0.32017,21,0
202,11,7,0.97855,-0.27724,21,0
203,11,8,0.97855,-0.23432,21,0
204,11,9,0.97855,-0.18976,21,0
205,11,10,0.97855,-0.14684,21,0
206,11,11,0.97855,-0.10391,21,0
207,11,12,0.97855,-0.05936,21,0
208,11,13,0.97855,-0.01643,21,0
209,11,14,0.97855,0.02649,21,0
210,11,15,0.97855,0.07104,21,0
211,11,16,0.97855,0.11397,21,0
212,11,17,0.97855,0.1569,21,0
213,11,18,0.97855,0.20145,21,0
214,11,19,0.97855,0.24437,21,0
215,11,20,0.97855,0.2873,21,1
216,12,0,0.93563,-0.62217,24,1
217,12,1,0.93563,-0.57925,24,0
218,12,2,0.93563,-0.53632,24,0
219,12,3,0.93563,-0.49177,24,0
220,12,4,0.93563,-0.44884,24,0
221,12,5,0.93563,-0.40592,24,0
222,12,6,0.93563,-0.36137,24,0
223,12,7,0.93563,-0.31844,24,0
224,12,8,0.93563,-0.27551,24,0
225,12,9,0.93563,-0.23096,24,0
226,12,10,0.93563,-0.18804,24,0
227,12,11,0.93563,-0.14511,24,0
228,12,12,0.93563,-0.10056,24,0
229,12,13,0.93563,-5.76E-02,24,0
230,12,14,0.93563,-0.01471,24,0
231,12,15,0.93563,0.02984,24,0
232,12,16,0.93563,0.07277,24,0
233,12,17,0.93563,0.1157,24,0
234,12,18,0.93563,0.16025,24,0
235,12,19,0.93563,0.20317,24,0
236,12,20,0.93563,0.2461,24,0
237,12,21,0.93563,0.29065,24,0
238,12,22,0.93563,0.33358,24,0
239,12,23,0.93563,0.3765,24,1
240,13,0,0.8927,-0.62217,24,1
241,13,1,0.8927,-0.57925,24,0
242,13,2,0.8927,-0.53632,24,0
243,13,3,0.8927,-0.49177,24,0
244,13,4,0.8927,-0.44884,24,0
245,13,5,0.8927,-0.40592,24,0
246,13,6,0.8927,-0.36137,24,0
247,13,7,0.8927,-0.31844,24,0
248,13,8,0.8927,-0.27551,24,0
249,13,9,0.8927,-0.23096,24,0
250,13,10,0.8927,-0.18804,24,0
251,13,11,0.8927,-0.14511,24,0
252,13,12,0.8927,-0.10056,24,0
253,13,13,0.8927,-5.76E-02,24,0
254,13,14,0.8927,-0.01471,24,0
255,13,15,0.8927,0.02984,24,0
256,13,16,0.8927,0.07277,24,0
257,13,17,0.8927,0.1157,24,0
258,13,18,0.8927,0.16025,24,0
259,13,19,0.8927,0.20317,24,0
260,13,20,0.8927,0.2461,24,0
261,13,21,0.8927,0.29065,24,0
262,13,22,0.8927,0.33358,24,0
263,13,23,0.8927,0.3765,24,1
264,14,0,0.84977,-0.62217,24,1
265,14,1,0.84977,-0.57925,24,0
266,14,2,0.84977,-0.53632,24,0
267,14,3,0.84977,-0.49177,24,0
268,14,4,0.84977,-0.44884,24,0
269,14,5,0.84977,-0.40592,24,0
270,14,6,0.84977,-0.36137,24,0
271,14,7,0.84977,-0.31844,24,0
272,14,8,0.84977,-0.27551,24,0
273,14,9,0.84977,-0.23096,24,0
274,14,10,0.84977,-0.18804,24,0
275,14,11,0.84977,-0.14511,24,0
276,14,12,0.84977,-0.10056,24,0
277,14,13,0.84977,-5.76E-02,24,0
278,14,14,0.84977,-0.01471,24,0
279,14,15,0.84977,0.02984,24,0
280,14,16,0.84977,0.07277,24,0
281,14,17,0.84977,0.1157,24,0
282,14,18,0.84977,0.16025,24,0
283,14,19,0.84977,0.20317,24,0
284,14,20,0.84977,0.2461,24,0
285,14,21,0.84977,0.29065,24,0
286,14,22,0.84977,0.33358,24,0
287,14,23,0.84977,0.3765,24,1
288,15,0,0.80685,-0.56357,24,1
289,15,1,0.80685,-0.52065,24,0
290,15,2,0.80685,-0.47772,24,0
291,15,3,0.80685,-0.43317,24,0
292,15,4,0.80685,-0.39024,24,0
293,15,5,0.80685,-0.34732,24,0
294,15,6,0.80685,-0.30277,24,0
295,15,7,0.80685,-0.25984,24,0
296,15,8,0.80685,-0.21691,24,0
297,15,9,0.80685,-0.17236,24,0
298,15,10,0.80685,-0.12944,24,0
299,15,11,0.80685,-0.08651,24,0
300,15,12,0.80685,-0.04196,24,0
301,15,13,0.80685,0.00097,24,0
302,15,14,0.80685,0.04389,24,0
303,15,15,0.80685,0.08844,24,0
304,15,16,0.80685,0.13137,24,0
305,15,17,0.80685,0.1743,24,0
306,15,18,0.80685,0.21885,24,0
307,15,19,0.80685,0.26177,24,0
308,15,20,0.80685,0.3047,24,0
309,15,21,0.80685,0.34925,24,0
310,15,22,0.80685,0.39218,24,0
311,15,23,0.80685,0.4351,24,1
312,16,0,0.76392,-0.56357,24,1
313,16,1,0.76392,-0.52065,24,0
314,16,2,0.76392,-0.47772,24,0
315,16,3,0.76392,-0.43317,24,0
316,16,4,0.76392,-0.39024,24,0
317,16,5,0.76392,-0.34732,24,0
318,16,6,0.76392,-0.30277,24,0
319,16,7,0.76392,-0.25984,24,0
320,16,8,0.76392,-0.21691,24,0
321,16,9,0.76392,-0.17236,24,0
322,16,10,0.76392,-0.12944,24,0
323,16,11,0.76392,-0.08651,24,0
324,16,12,0.76392,-0.04196,24,0
325,16,13,0.76392,0.00097,24,0
326,16,14,0.76392,0.04389,24,0
327,16,15,0.76392,0.08844,24,0
328,16,16,0.76392,0.13137,24,0
329,16,17,0.76392,0.1743,24,0
330,16,18,0.76392,0.21885,24,0
331,16,19,0.76392,0.26177,24,0
332,16,20,0.76392,0.3047,24,0
333,16,21,0.76392,0.34925,24,0
334,16,22,0.76392,0.39218,24,0
335,16,23,0.76392,0.4351,24,1
336,17,0,0.721,-0.56357,24,1
337,17,1,0.721,-0.52065,24,0
338,17,2,0.721,-0.47772,24,0
339,17,3,0.721,-0.43317,24,0
340,17,4,0.721,-0.39024,24,0
341,17,5,0.721,-0.34732,24,0
342,17,6,0.721,-0.30277,24,0
343,17,7,0.721,-0.25984,24,0
344,17,8,0.721,-0.21691,24,0
345,17,9,0.721,-0.17236,24,0
346,17,10,0.721,-0.12944,24,0
347,17,11,0.721,-0.08651,24,0
348,17,12,0.721,-0.04196,24,0
349,17,13,0.721,0.00097,24,0
350,17,14,0.721,0.04389,24,0
351,17,15,0.721,0.08844,24,0
352,17,16,0.721,0.13137,24,0
353,17,17,0.721,0.1743,24,0
354,17,18,0.721,0.21885,24,0
355,17,19,0.721,0.26177,24,0
356,17,20,0.721,0.3047,24,0
357,17,21,0.721,0.34925,24,0
358,17,22,0.721,0.39218,24,0
359,17,23,0.721,0.4351,24,1
360,18,0,0.67807,-0.56507,27,1
361,18,1,0.67807,-0.52215,27,0
362,18,2,0.67807,-0.47922,27,0
363,18,3,0.67807,-0.43467,27,0
364,18,4,0.67807,-0.39174,27,0
365,18,5,0.67807,-0.34882,27,0
366,18,6,0.67807,-0.30427,27,0
367,18,7,0.67807,-0.26134,27,0
368,18,8,0.67807,-0.21842,27,0
369,18,9,0.67807,-0.17386,27,0
370,18,10,0.67807,-0.13094,27,0
371,18,11,0.67807,-0.08801,27,0
372,18,12,0.67807,-0.04346,27,0
373,18,13,0.67807,-0.00053,27,0
374,18,14,0.67807,0.04239,27,0
375,18,15,0.67807,0.08694,27,0
376,18,16,0.67807,0.12987,27,0
377,18,17,0.67807,0.1728,27,0
378,18,18,0.67807,0.21735,27,0
379,18,19,0.67807,0.26027,27,0
380,18,20,0.67807,0.3032,27,0
381,18,21,0.67807,0.34775,27,0
382,18,22,0.67807,0.39068,27,0
383,18,23,0.67807,0.4336,27,0
384,18,24,0.67807,0.47815,27,0
385,18,25,0.67807,0.52108,27,0
386,18,26,0.67807,0.56401,27,1
387,19,0,0.63514,-0.56507,27,1
388,19,1,0.63514,-0.52215,27,0
389,19,2,0.63514,-0.47922,27,0
390,19,3,0.63514,-0.43467,27,0
391,19,4,0.63514,-0.39174,27,0
392,19,5,0.63514,-0.34882,27,0
393,19,6,0.63514,-0.30427,27,0
394,19,7,0.63514,-0.26134,27,0
395,19,8,0.63514,-0.21842,27,0
396,19,9,0.63514,-0.17386,27,0
397,19,10,0.63514,-0.13094,27,0
398,19,11,0.63514,-0.08801,27,0
399,19,12,0.63514,-0.04346,27,0
400,19,13,0.63514,-0.00053,27,0
401,19,14,0.63514,0.04239,27,0
402,19,15,0.63514,0.08694,27,0
403,19,16,0.63514,0.12987,27,0
404,19,17,0.63514,0.1728,27,0
405,19,18,0.63514,0.21735,27,0
406,19,19,0.63514,0.26027,27,0
407,19,20,0.63514,0.3032,27,0
408,19,21,0.63514,0.34775,27,0
409,19,22,0.63514,0.39068,27,0
410,19,23,0.63514,0.4336,27,0
411,19,24,0.63514,0.47815,27,0
412,19,25,0.63514,0.52108,27,0
413,19,26,0.63514,0.56401,27,1
414,20,0,0.59222,-0.56507,27,1
415,20,1,0.59222,-0.52215,27,0
416,20,2,0.59222,-0.47922,27,0
417,20,3,0.59222,-0.43467,27,0
418,20,4,0.59222,-0.39174,27,0
419,20,5,0.59222,-0.34882,27,0
420,20,6,0.59222,-0.30427,27,0
421,20,7,0.59222,-0.26134,27,0
422,20,8,0.59222,-0.21842,27,0
423,20,9,0.59222,-0.17386,27,0
424,20,10,0.59222,-0.13094,27,0
425,20,11,0.59222,-0.08801,27,0
426,20,12,0.59222,-0.04346,27,0
427,20,13,0.59222,-0.00053,27,0
428,20,14,0.59222,0.04239,27,0
429,20,15,0.59222,0.08694,27,0
430,20,16,0.59222,0.12987,27,0
431,20,17,0.59222,0.1728,27,0
432,20,18,0.59222,0.21735,27,0
433,20,19,0.59222,0.26027,27,0
434,20,20,0.59222,0.3032,27,0
435,20,21,0.59222,0.34775,27,0
436,20,22,0.59222,0.39068,27,0
437,20,23,0.59222,0.4336,27,0
438,20,24,0.59222,0.47815,27,0
439,20,25,0.59222,0.52108,27,0
440,20,26,0.59222,0.56401,27,1
441,21,0,0.54929,-0.56507,27,1
442,21,1,0.54929,-0.52215,27,0
443,21,2,0.54929,-0.47922,27,0
444,21,3,0.54929,-0.43467,27,0
445,21,4,0.54929,-0.39174,27,0
446,21,5,0.54929,-0.34882,27,0
447,21,6,0.54929,-0.30427,27,0
448,21,7,0.54929,-0.26134,27,0
449,21,8,0.54929,-0.21842,27,0
450,21,9,0.54929,-0.17386,27,0
451,21,10,0.54929,-0.13094,27,0
452,21,11,0.54929,-0.08801,27,0
453,21,12,0.54929,-0.04346,27,0
454,21,13,0.54929,-0.00053,27,0
455,21,14,0.54929,0.04239,27,0
456,21,15,0.54929,0.08694,27,0
457,21,16,0.54929,0.12987,27,0
458,21,17,0.54929,0.1728,27,0
459,21,18,0.54929,0.21735,27,0
460,21,19,0.54929,0.26027,27,0
461,21,20,0.54929,0.3032,27,0
462,21,21,0.54929,0.34775,27,0
463,21,22,0.54929,0.39068,27,0
464,21,23,0.54929,0.4336,27,0
465,21,24,0.54929,0.47815,27,0
466,21,25,0.54929,0.52108,27,0
467,21,26,0.54929,0.56401,27,1
468,22,0,0.50637,-0.56507,27,1
469,22,1,0.50637,-0.52215,27,0
470,22,2,0.50637,-0.47922,27,0
471,22,3,0.50637,-0.43467,27,0
472,22,4,0.50637,-0.39174,27,0
473,22,5,0.50637,-0.34882,27,0
474,22,6,0.50637,-0.30427,27,0
475,22,7,0.50637,-0.26134,27,0
476,22,8,0.50637,-0.21842,27,0
477,22,9,0.50637,-0.17386,27,0
478,22,10,0.50637,-0.13094,27,0
479,22,11,0.50637,-0.08801,27,0
480,22,12,0.50637,-0.04346,27,0
481,22,13,0.50637,-0.00053,27,0
482,22,14,0.50637,0.04239,27,0
483,22,15,0.50637,0.08694,27,0
484,22,16,0.50637,0.12987,27,0
485,22,17,0.50637,0.1728,27,0
486,22,18,0.50637,0.21735,27,0
487,22,19,0.50637,0.26027,27,0
488,22,20,0.50637,0.3032,27,0
489,22,21,0.50637,0.34775,27,0
490,22,22,0.50637,0.39068,27,0
491,22,23,0.50637,0.4336,27,0
492,22,24,0.50637,0.47815,27,0
493,22,25,0.50637,0.52108,27,0
494,22,26,0.50637,0.56401,27,1
495,23,0,0.46344,-0.56507,27,1
496,23,1,0.46344,-0.52215,27,0
497,23,2,0.46344,-0.47922,27,0
498,23,3,0.46344,-0.43467,27,0
499,23,4,0.46344,-0.39174,27,0
500,23,5,0.46344,-0.34882,27,0
501,23,6,0.46344,-0.30427,27,0
502,23,7,0.46344,-0.26134,27,0
503,23,8,0.46344,-0.21842,27,0
504,23,9,0.46344,-0.17386,27,0
505,23,10,0.46344,-0.13094,27,0
506,23,11,0.46344,-0.08801,27,0
507,23,12,0.46344,-0.04346,27,0
508,23,13,0.46344,-0.00053,27,0
509,23,14,0.46344,0.04239,27,0
510,23,15,0.46344,0.08694,27,0
511,23,16,0.46344,0.12987,27,0
512,23,17,0.46344,0.1728,27,0
513,23,18,0.46344,0.21735,27,0
514,23,19,0.46344,0.26027,27,0
515,23,20,0.46344,0.3032,27,0
516,23,21,0.46344,0.34775,27,0
517,23,22,0.46344,0.39068,27,0
518,23,23,0.46344,0.4336,27,0
519,23,24,0.46344,0.47815,27,0
520,23,25,0.46344,0.52108,27,0
521,23,26,0.46344,0.56401,27,1
522,24,0,0.42051,-0.56507,27,1
523,24,1,0.42051,-0.52215,27,0
524,24,2,0.42051,-0.47922,27,0
525,24,3,0.42051,-0.43467,27,0
526,24,4,0.42051,-0.39174,27,0
527,24,5,0.42051,-0.34882,27,0
528,24,6,0.42051,-0.30427,27,0
529,24,7,0.42051,-0.26134,27,0
530,24,8,0.42051,-0.21842,27,0
531,24,9,0.42051,-0.17386,27,0
532,24,10,0.42051,-0.13094,27,0
533,24,11,0.42051,-0.08801,27,0
534,24,12,0.42051,-0.04346,27,0
535,24,13,0.42051,-0.00053,27,0
536,24,14,0.42051,0.04239,27,0
537,24,15,0.42051,0.08694,27,0
538,24,16,0.42051,0.12987,27,0
539,24,17,0.42051,0.1728,27,0
540,24,18,0.42051,0.21735,27,0
541,24,19,0.42051,0.26027,27,0
542,24,20,0.42051,0.3032,27,0
543,24,21,0.42051,0.34775,27,0
544,24,22,0.42051,0.39068,27,0
545,24,23,0.42051,0.4336,27,0
546,24,24,0.42051,0.47815,27,0
547,24,25,0.42051,0.52108,27,0
548,24,26,0.42051,0.56401,27,1
549,25,0,0.37759,-0.56507,27,1
550,25,1,0.37759,-0.52215,27,0
551,25,2,0.37759,-0.47922,27,0
552,25,3,0.37759,-0.43467,27,0
553,25,4,0.37759,-0.39174,27,0
554,25,5,0.37759,-0.34882,27,0
555,25,6,0.37759,-0.30427,27,0
556,25,7,0.37759,-0.26134,27,0
557,25,8,0.37759,-0.21842,27,0
558,25,9,0.37759,-0.17386,27,0
559,25,10,0.37759,-0.13094,27,0
560,25,11,0.37759,-0.08801,27,0
561,25,12,0.37759,-0.04346,27,0
562,25,13,0.37759,-0.00053,27,0
563,25,14,0.37759,0.04239,27,0
564,25,15,0.37759,0.08694,27,0
565,25,16,0.37759,0.12987,27,0
566,25,17,0.37759,0.1728,27,0
567,25,18,0.37759,0.21735,27,0
568,25,19,0.37759,0.26027,27,0
569,25,20,0.37759,0.3032,27,0
570,25,21,0.37759,0.34775,27,0
571,25,22,0.37759,0.39068,27,0
572,25,23,0.37759,0.4336,27,0
573,25,24,0.37759,0.47815,27,0
574,25,25,0.37759,0.52108,27,0
575,25,26,0.37759,0.56401,27,1
576,26,0,0.33466,-0.56507,27,1
577,26,1,0.33466,-0.52215,27,0
578,26,2,0.33466,-0.47922,27,0
579,26,3,0.33466,-0.43467,27,0
580,26,4,0.33466,-0.39174,27,0
581,26,5,0.33466,-0.34882,27,0
582,26,6,0.33466,-0.30427,27,0
583,26,7,0.33466,-0.26134,27,0
584,26,8,0.33466,-0.21842,27,0
585,26,9,0.33466,-0.17386,27,0
586,26,10,0.33466,-0.13094,27,0
587,26,11,0.33466,-0.08801,27,0
588,26,12,0.33466,-0.04346,27,0
589,26,13,0.33466,-0.00053,27,0
590,26,14,0.33466,0.04239,27,0
591,26,15,0.33466,0.08694,27,0
592,26,16,0.33466,0.12987,27,0
593,26,17,0.33466,0.1728,27,0
594,26,18,0.33466,0.21735,27,0
595,26,19,0.33466,0.26027,27,0
596,26,20,0.33466,0.3032,27,0
597,26,21,0.33466,0.34775,27,0
598,26,22,0.33466,0.39068,27,0
599,26,23,0.33466,0.4336,27,0
600,26,24,0.33466,0.47815,27,0
601,26,25,0.33466,0.52108,27,0
602,26,26,0.33466,0.56401,27,1
603,27,0,0.29174,-0.56507,27,1
604,27,1,0.29174,-0.52215,27,0
605,27,2,0.29174,-0.47922,27,0
606,27,3,0.29174,-0.43467,27,0
607,27,4,0.29174,-0.39174,27,0
608,27,5,0.29174,-0.34882,27,0
609,27,6,0.29174,-0.30427,27,0
610,27,7,0.29174,-0.26134,27,0
611,27,8,0.29174,-0.21842,27,0
612,27,9,0.29174,-0.17386,27,0
613,27,10,0.29174,-0.13094,27,0
614,27,11,0.29174,-0.08801,27,0
615,27,12,0.29174,-0.04346,27,0
616,27,13,0.29174,-0.00053,27,0
617,27,14,0.29174,0.04239,27,0
618,27,15,0.29174,0.08694,27,0
619,27,16,0.29174,0.12987,27,0
620,27,17,0.29174,0.1728,27,0
621,27,18,0.29174,0.21735,27,0
622,27,19,0.29174,0.26027,27,0
623,27,20,0.29174,0.3032,27,0
624,27,21,0.29174,0.34775,27,0
625,27,22,0.29174,0.39068,27,0
626,27,23,0.29174,0.4336,27,0
627,27,24,0.29174,0.47815,27,0
628,27,25,0.29174,0.52108,27,0
629,27,26,0.29174,0.56401,27,1
630,28,0,0.24881,-0.56507,27,1
631,28,1,0.24881,-0.52215,27,0
632,28,2,0.24881,-0.47922,27,0
633,28,3,0.24881,-0.43467,27,0
634,28,4,0.24881,-0.39174,27,0
635,28,5,0.24881,-0.34882,27,0
636,28,6,0.24881,-0.30427,27,0
637,28,7,0.24881,-0.26134,27,0
638,28,8,0.24881,-0.21842,27,0
639,28,9,0.24881,-0.17386,27,0
640,28,10,0.24881,-0.13094,27,0
641,28,11,0.24881,-0.08801,27,0
642,28,12,0.24881,-0.04346,27,0
643,28,13,0.24881,-0.00053,27,0
644,28,14,0.24881,0.04239,27,0
645,28,15,0.24881,0.08694,27,0
646,28,16,0.24881,0.12987,27,0
647,28,17,0.24881,0.1728,27,0
648,28,18,0.24881,0.21735,27,0
649,28,19,0.24881,0.26027,27,0
650,28,20,0.24881,0.3032,27,0
651,28,21,0.24881,0.34775,27,0
652,28,22,0.24881,0.39068,27,0
653,28,23,0.24881,0.4336,27,0
654,28,24,0.24881,0.47815,27,0
655,28,25,0.24881,0.52108,27,0
656,28,26,0.24881,0.56401,27,1
657,29,0,0.20588,-0.56507,27,1
658,29,1,0.20588,-0.52215,27,0
659,29,2,0.20588,-0.47922,27,0
660,29,3,0.20588,-0.43467,27,0
661,29,4,0.20588,-0.39174,27,0
662,29,5,0.20588,-0.34882,27,0
663,29,6,0.20588,-0.30427,27,0
664,29,7,0.20588,-0.26134,27,0
665,29,8,0.20588,-0.21842,27,0
666,29,9,0.20588,-0.17386,27,0
667,29,10,0.20588,-0.13094,27,0
668,29,11,0.20588,-0.08801,27,0
669,29,12,0.20588,-0.04346,27,0
670,29,13,0.20588,-0.00053,27,0
671,29,14,0.20588,0.04239,27,0
672,29,15,0.20588,0.08694,27,0
673,29,16,0.20588,0.12987,27,0
674,29,17,0.20588,0.1728,27,0
675,29,18,0.20588,0.21735,27,0
676,29,19,0.20588,0.26027,27,0
677,29,20,0.20588,0.3032,27,0
678,29,21,0.20588,0.34775,27,0
679,29,22,0.20588,0.39068,27,0
680,29,23,0.20588,0.4336,27,0
681,29,24,0.20588,0.47815,27,0
682,29,25,0.20588,0.52108,27,0
683,29,26,0.20588,0.56401,27,1
684,30,0,0.16296,-0.56507,27,1
685,30,1,0.16296,-0.52215,27,0
686,30,2,0.16296,-0.47922,27,0
687,30,3,0.16296,-0.43467,27,0
688,30,4,0.16296,-0.39174,27,0
689,30,5,0.16296,-0.34882,27,0
690,30,6,0.16296,-0.30427,27,0
691,30,7,0.16296,-0.26134,27,0
692,30,8,0.16296,-0.21842,27,0
693,30,9,0.16296,-0.17386,27,0
694,30,10,0.16296,-0.13094,27,0
695,30,11,0.16296,-0.08801,27,0
696,30,12,0.16296,-0.04346,27,0
697,30,13,0.16296,-0.00053,27,0
698,30,14,0.16296,0.04239,27,0
699,30,15,0.16296,0.08694,27,0
700,30,16,0.16296,0.12987,27,0
701,30,17,0.16296,0.1728,27,0
702,30,18,0.16296,0.21735,27,0
703,30,19,0.16296,0.26027,27,0
704,30,20,0.16296,0.3032,27,0
705,30,21,0.16296,0.34775,27,0
706,30,22,0.16296,0.39068,27,0
707,30,23,0.16296,0.4336,27,0
708,30,24,0.16296,0.47815,27,0
709,30,25,0.16296,0.52108,27,0
710,30,26,0.16296,0.56401,27,1
711,31,0,0.12003,-0.56507,27,1
712,31,1,0.12003,-0.52215,27,0
713,31,2,0.12003,-0.47922,27,0
714,31,3,0.12003,-0.43467,27,0
715,31,4,0.12003,-0.39174,27,0
716,31,5,0.12003,-0.34882,27,0
717,31,6,0.12003,-0.30427,27,0
718,31,7,0.12003,-0.26134,27,0
719,31,8,0.12003,-0.21842,27,0
720,31,9,0.12003,-0.17386,27,0
721,31,10,0.12003,-0.13094,27,0
722,31,11,0.12003,-0.08801,27,0
723,31,12,0.12003,-0.04346,27,0
724,31,13,0.12003,-0.00053,27,0
725,31,14,0.12003,0.04239,27,0
726,31,15,0.12003,0.08694,27,0
727,31,16,0.12003,0.12987,27,0
728,31,17,0.12003,0.1728,27,0
729,31,18,0.12003,0.21735,27,0
730,31,19,0.12003,0.26027,27,0
731,31,20,0.12003,0.3032,27,0
732,31,21,0.12003,0.34775,27,0
733,31,22,0.12003,0.39068,27,0
734,31,23,0.12003,0.4336,27,0
735,31,24,0.12003,0.47815,27,0
736,31,25,0.12003,0.52108,27,0
737,31,26,0.12003,0.56401,27,1
738,32,0,0.07711,-0.56507,27,1
739,32,1,0.07711,-0.52215,27,0
740,32,2,0.07711,-0.47922,27,0
741,32,3,0.07711,-0.43467,27,0
742,32,4,0.07711,-0.39174,27,0
743,32,5,0.07711,-0.34882,27,0
744,32,6,0.07711,-0.30427,27,0
745,32,7,0.07711,-0.26134,27,0
746,32,8,0.07711,-0.21842,27,0
747,32,9,0.07711,-0.17386,27,0
748,32,10,0.07711,-0.13094,27,0
749,32,11,0.07711,-0.08801,27,0
750,32,12,0.07711,-0.04346,27,0
751,32,13,0.07711,-0.00053,27,0
752,32,14,0.07711,0.04239,27,0
753,32,15,0.07711,0.08694,27,0
754,32,16,0.07711,0.12987,27,0
755,32,17,0.07711,0.1728,27,0
756,32,18,0.07711,0.21735,27,0
757,32,19,0.07711,0.26027,27,0
758,32,20,0.07711,0.3032,27,0
759,32,21,0.07711,0.34775,27,0
760,32,22,0.07711,0.39068,27,0
761,32,23,0.07711,0.4336,27,0
762,32,24,0.07711,0.47815,27,0
763,32,25,0.07711,0.52108,27,0
764,32,26,0.07711,0.56401,27,1
765,33,0,0.03418,-0.56507,27,1
766,33,1,0.03418,-0.52215,27,0
767,33,2,0.03418,-0.47922,27,0
768,33,3,0.03418,-0.43467,27,0
769,33,4,0.03418,-0.39174,27,0
770,33,5,0.03418,-0.34882,27,0
771,33,6,0.03418,-0.30427,27,0
772,33,7,0.03418,-0.26134,27,0
773,33,8,0.03418,-0.21842,27,0
774,33,9,0.03418,-0.17386,27,0
775,33,10,0.03418,-0.13094,27,0
776,33,11,0.03418,-0.08801,27,0
777,33,12,0.03418,-0.04346,27,0
778,33,13,0.03418,-0.00053,27,0
779,33,14,0.03418,0.04239,27,0
780,33,15,0.03418,0.08694,27,0
781,33,16,0.03418,0.12987,27,0
782,33,17,0.03418,0.1728,27,0
783,33,18,0.03418,0.21735,27,0
784,33,19,0.03418,0.26027,27,0
785,33,20,0.03418,0.3032,27,0
786,33,21,0.03418,0.34775,27,0
787,33,22,0.03418,0.39068,27,0
788,33,23,0.03418,0.4336,27,0
789,33,24,0.03418,0.47815,27,0
790,33,25,0.03418,0.52108,27,0
791,33,26,0.03418,0.56401,27,1
792,34,0,-0.00875,-0.56507,27,1
793,34,1,-0.00875,-0.52215,27,0
794,34,2,-0.00875,-0.47922,27,0
795,34,3,-0.00875,-0.43467,27,0
796,34,4,-0.00875,-0.39174,27,0
797,34,5,-0.00875,-0.34882,27,0
798,34,6,-0.00875,-0.30427,27,0
799,34,7,-0.00875,-0.26134,27,0
800,34,8,-0.00875,-0.21842,27,0
801,34,9,-0.00875,-0.17386,27,0
802,34,10,-0.00875,-0.13094,27,0
803,34,11,-0.00875,-0.08801,27,0
804,34,12,-0.00875,-0.04346,27,0
805,34,13,-0.00875,-0.00053,27,0
806,34,14,-0.00875,0.04239,27,0
807,34,15,-0.00875,0.08694,27,0
808,34,16,-0.00875,0.12987,27,0
809,34,17,-0.00875,0.1728,27,0
810,34,18,-0.00875,0.21735,27,0
811,34,19,-0.00875,0.26027,27,0
812,34,20,-0.00875,0.3032,27,0
813,34,21,-0.00875,0.34775,27,0
814,34,22,-0.00875,0.39068,27,0
815,34,23,-0.00875,0.4336,27,0
816,34,24,-0.00875,0.47815,27,0
817,34,25,-0.00875,0.52108,27,0
818,34,26,-0.00875,0.56401,27,1
819,35,0,-0.05167,-0.56507,27,1
820,35,1,-0.05167,-0.52215,27,0
821,35,2,-0.05167,-0.47922,27,0
822,35,3,-0.05167,-0.43467,27,0
823,35,4,-0.05167,-0.39174,27,0
824,35,5,-0.05167,-0.34882,27,0
825,35,6,-0.05167,-0.30427,27,0
826,35,7,-0.05167,-0.26134,27,0
827,35,8,-0.05167,-0.21842,27,0
828,35,9,-0.05167,-0.17386,27,0
829,35,10,-0.05167,-0.13094,27,0
830,35,11,-0.05167,-0.08801,27,0
831,35,12,-0.05167,-0.04346,27,0
832,35,13,-0.05167,-0.00053,27,0
833,35,14,-0.05167,0.04239,27,0
834,35,15,-0.05167,0.08694,27,0
835,35,16,-0.05167,0.12987,27,0
836,35,17,-0.05167,0.1728,27,0
837,35,18,-0.05167,0.21735,27,0
838,35,19,-0.05167,0.26027,27,0
839,35,20,-0.05167,0.3032,27,0
840,35,21,-0.05167,0.34775,27,0
841,35,22,-0.05167,0.39068,27,0
842,35,23,-0.05167,0.4336,27,0
843,35,24,-0.05167,0.47815,27,0
844,35,25,-0.05167,0.52108,27,0
845,35,26,-0.05167,0.56401,27,1
846,36,0,-0.0946,-0.56507,27,1
847,36,1,-0.0946,-0.52215,27,0
848,36,2,-0.0946,-0.47922,27,0
849,36,3,-0.0946,-0.43467,27,0
850,36,4,-0.0946,-0.39174,27,0
851,36,5,-0.0946,-0.34882,27,0
852,36,6,-0.0946,-0.30427,27,0
853,36,7,-0.0946,-0.26134,27,0
854,36,8,-0.0946,-0.21842,27,0
855,36,9,-0.0946,-0.17386,27,0
856,36,10,-0.0946,-0.13094,27,0
857,36,11,-0.0946,-0.08801,27,0
858,36,12,-0.0946,-0.04346,27,0
859,36,13,-0.0946,-0.00053,27,0
860,36,14,-0.0946,0.04239,27,0
861,36,15,-0.0946,0.08694,27,0
862,36,16,-0.0946,0.12987,27,0
863,36,17,-0.0946,0.1728,27,0
864,36,18,-0.0946,0.21735,27,0
865,36,19,-0.0946,0.26027,27,0
866,36,20,-0.0946,0.3032,27,0
867,36,21,-0.0946,0.34775,27,0
868,36,22,-0.0946,0.39068,27,0
869,36,23,-0.0946,0.4336,27,0
870,36,24,-0.0946,0.47815,27,0
871,36,25,-0.0946,0.52108,27,0
872,36,26,-0.0946,0.56401,27,1
873,37,0,-0.13752,-0.56507,27,1
874,37,1,-0.13752,-0.52215,27,0
875,37,2,-0.13752,-0.47922,27,0
876,37,3,-0.13752,-0.43467,27,0
877,37,4,-0.13752,-0.39174,27,0
878,37,5,-0.13752,-0.34882,27,0
879,37,6,-0.13752,-0.30427,27,0
880,37,7,-0.13752,-0.26134,27,0
881,37,8,-0.13752,-0.21842,27,0
882,37,9,-0.13752,-0.17386,27,0
883,37,10,-0.13752,-0.13094,27,0
884,37,11,-0.13752,-0.08801,27,0
885,37,12,-0.13752,-0.04346,27,0
886,37,13,-0.13752,-0.00053,27,0
887,37,14,-0.13752,0.04239,27,0
888,37,15,-0.13752,0.08694,27,0
889,37,16,-0.13752,0.12987,27,0
890,37,17,-0.13752,0.1728,27,0
891,37,18,-0.13752,0.21735,27,0
892,37,19,-0.13752,0.26027,27,0
893,37,20,-0.13752,0.3032,27,0
894,37,21,-0.13752,0.34775,27,0
895,37,22,-0.13752,0.39068,27,0
896,37,23,-0.13752,0.4336,27,0
897,37,24,-0.13752,0.47815,27,0
898,37,25,-0.13752,0.52108,27,0
899,37,26,-0.13752,0.56401,27,1
900,38,0,-0.18045,-0.56507,27,1
901,38,1,-0.18045,-0.52215,27,0
902,38,2,-0.18045,-0.47922,27,0
903,38,3,-0.18045,-0.43467,27,0
904,38,4,-0.18045,-0.39174,27,0
905,38,5,-0.18045,-0.34882,27,0
906,38,6,-0.18045,-0.30427,27,0
907,38,7,-0.18045,-0.26134,27,0
908,38,8,-0.18045,-0.21842,27,0
909,38,9,-0.18045,-0.17386,27,0
910,38,10,-0.18045,-0.13094,27,0
911,38,11,-0.18045,-0.08801,27,0
912,38,12,-0.18045,-0.04346,27,0
913,38,13,-0.18045,-0.00053,27,0
914,38,14,-0.18045,0.04239,27,0
915,38,15,-0.18045,0.08694,27,0
916,38,16,-0.18045,0.12987,27,0
917,38,17,-0.18045,0.1728,27,0
918,38,18,-0.18045,0.21735,27,0
919,38,19,-0.18045,0.26027,27,0
920,38,20,-0.18045,0.3032,27,0
921,38,21,-0.18045,0.34775,27,0
922,38,22,-0.18045,0.39068,27,0
923,38,23,-0.18045,0.4336,27,0
924,38,24,-0.18045,0.47815,27,0
925,38,25,-0.18045,0.52108,27,0
926,38,26,-0.18045,0.56401,27,1
927,39,0,-0.22338,-0.56507,27,1
928,39,1,-0.22338,-0.52215,27,0
929,39,2,-0.22338,-0.47922,27,0
930,39,3,-0.22338,-0.43467,27,0
931,39,4,-0.22338,-0.39174,27,0
932,39,5,-0.22338,-0.34882,27,0
933,39,6,-0.22338,-0.30427,27,0
934,39,7,-0.22338,-0.26134,27,0
935,39,8,-0.22338,-0.21842,27,0
936,39,9,-0.22338,-0.17386,27,0
937,39,10,-0.22338,-0.13094,27,0
938,39,11,-0.22338,-0.08801,27,0
939,39,12,-0.22338,-0.04346,27,0
940,39,13,-0.22338,-0.00053,27,0
941,39,14,-0.22338,0.04239,27,0
942,39,15,-0.22338,0.08694,27,0
943,39,16,-0.22338,0.12987,27,0
944,39,17,-0.22338,0.1728,27,0
945,39,18,-0.22338,0.21735,27,0
946,39,19,-0.22338,0.26027,27,0
947,39,20,-0.22338,0.3032,27,0
948,39,21,-0.22338,0.34775,27,0
949,39,22,-0.22338,0.39068,27,0
950,39,23,-0.22338,0.4336,27,0
951,39,24,-0.22338,0.47815,27,0
952,39,25,-0.22338,0.52108,27,0
953,39,26,-0.22338,0.56401,27,1
954,40,0,-0.2663,-0.56507,27,1
955,40,1,-0.2663,-0.52215,27,0
956,40,2,-0.2663,-0.47922,27,0
957,40,3,-0.2663,-0.43467,27,0
958,40,4,-0.2663,-0.39174,27,0
959,40,5,-0.2663,-0.34882,27,0
960,40,6,-0.2663,-0.30427,27,0
961,40,7,-0.2663,-0.26134,27,0
962,40,8,-0.2663,-0.21842,27,0
963,40,9,-0.2663,-0.17386,27,0
964,40,10,-0.2663,-0.13094,27,0
965,40,11,-0.2663,-0.08801,27,0
966,40,12,-0.2663,-0.04346,27,0
967,40,13,-0.2663,-0.00053,27,0
968,40,14,-0.2663,0.04239,27,0
969,40,15,-0.2663,0.08694,27,0
970,40,16,-0.2663,0.12987,27,0
971,40,17,-0.2663,0.1728,27,0
972,40,18,-0.2663,0.21735,27,0
973,40,19,-0.2663,0.26027,27,0
974,40,20,-0.2663,0.3032,27,0
975,40,21,-0.2663,0.34775,27,0
976,40,22,-0.2663,0.39068,27,0
977,40,23,-0.2663,0.4336,27,0
978,40,24,-0.2663,0.47815,27,0
979,40,25,-0.2663,0.52108,27,0
980,40,26,-0.2663,0.56401,27,1
981,41,0,-0.30923,-0.56507,27,1
982,41,1,-0.30923,-0.52215,27,0
983,41,2,-0.30923,-0.47922,27,0
984,41,3,-0.30923,-0.43467,27,0
985,41,4,-0.30923,-0.39174,27,0
986,41,5,-0.30923,-0.34882,27,0
987,41,6,-0.30923,-0.30427,27,0
988,41,7,-0.30923,-0.26134,27,0
989,41,8,-0.30923,-0.21842,27,0
990,41,9,-0.30923,-0.17386,27,0
991,41,10,-0.30923,-0.13094,27,0
992,41,11,-0.30923,-0.08801,27,0
993,41,12,-0.30923,-0.04346,27,0
994,41,13,-0.30923,-0.00053,27,0
995,41,14,-0.30923,0.04239,27,0
996,41,15,-0.30923,0.08694,27,0
997,41,16,-0.30923,0.12987,27,0
998,41,17,-0.30923,0.1728,27,0
999,41,18,-0.30923,0.21735,27,0
1000,41,19,-0.30923,0.26027,27,0
1001,41,20,-0.30923,0.3032,27,0
1002,41,21,-0.30923,0.34775,27,0
1003,41,22,-0.30923,0.39068,27,0
1004,41,23,-0.30923,0.4336,27,0
1005,41,24,-0.30923,0.47815,27,0
1006,41,25,-0.30923,0.52108,27,0
1007,41,26,-0.30923,0.56401,27,1
1008,42,0,-0.35215,-0.56507,27,1
1009,42,1,-0.35215,-0.52215,27,0
1010,42,2,-0.35215,-0.47922,27,0
1011,42,3,-0.35215,-0.43467,27,0
1012,42,4,-0.35215,-0.39174,27,0
1013,42,5,-0.35215,-0.34882,27,0
1014,42,6,-0.35215,-0.30427,27,0
1015,42,7,-0.35215,-0.26134,27,0
1016,42,8,-0.35215,-0.21842,27,0
1017,42,9,-0.35215,-0.17386,27,0
1018,42,10,-0.35215,-0.13094,27,0
1019,42,11,-0.35215,-0.08801,27,0
1020,42,12,-0.35215,-0.04346,27,0
1021,42,13,-0.35215,-0.00053,27,0
1022,42,14,-0.35215,0.04239,27,0
1023,42,15,-0.35215,0.08694,27,0
1024,42,16,-0.35215,0.12987,27,0
1025,42,17,-0.35215,0.1728,27,0
1026,42,18,-0.35215,0.21735,27,0
1027,42,19,-0.35215,0.26027,27,0
1028,42,20,-0.35215,0.3032,27,0
1029,42,21,-0.35215,0.34775,27,0
1030,42,22,-0.35215,0.39068,27,0
1031,42,23,-0.35215,0.4336,27,0
1032,42,24,-0.35215,0.47815,27,0
1033,42,25,-0.35215,0.52108,27,0
1034,42,26,-0.35215,0.56401,27,1
1035,43,0,-0.39508,-0.56507,27,1
1036,43,1,-0.39508,-0.52215,27,0
1037,43,2,-0.39508,-0.47922,27,0
1038,43,3,-0.39508,-0.43467,27,0
1039,43,4,-0.39508,-0.39174,27,0
1040,43,5,-0.39508,-0.34882,27,0
1041,43,6,-0.39508,-0.30427,27,0
1042,43,7,-0.39508,-0.26134,27,0
1043,43,8,-0.39508,-0.21842,27,0
1044,43,9,-0.39508,-0.17386,27,0
1045,43,10,-0.39508,-0.13094,27,0
1046,43,11,-0.39508,-0.08801,27,0
1047,43,12,-0.39508,-0.04346,27,0
1048,43,13,-0.39508,-0.00053,27,0
1049,43,14,-0.39508,0.04239,27,0
1050,43,15,-0.39508,0.08694,27,0
1051,43,16,-0.39508,0.12987,27,0
1052,43,17,-0.39508,0.1728,27,0
1053,43,18,-0.39508,0.21735,27,0
1054,43,19,-0.39508,0.26027,27,0
1055,43,20,-0.39508,0.3032,27,0
1056,43,21,-0.39508,0.34775,27,0
1057,43,22,-0.39508,0.39068,27,0
1058,43,23,-0.39508,0.4336,27,0
1059,43,24,-0.39508,0.47815,27,0
1060,43,25,-0.39508,0.52108,27,0
1061,43,26,-0.39508,0.56401,27,1
1062,44,0,-0.43801,-0.56507,27,1
1063,44,1,-0.43801,-0.52215,27,0
1064,44,2,-0.43801,-0.47922,27,0
1065,44,3,-0.43801,-0.43467,27,0
1066,44,4,-0.43801,-0.39174,27,0
1067,44,5,-0.43801,-0.34882,27,0
1068,44,6,-0.43801,-0.30427,27,0
1069,44,7,-0.43801,-0.26134,27,0
1070,44,8,-0.43801,-0.21842,27,0
1071,44,9,-0.43801,-0.17386,27,0
1072,44,10,-0.43801,-0.13094,27,0
1073,44,11,-0.43801,-0.08801,27,0
1074,44,12,-0.43801,-0.04346,27,0
1075,44,13,-0.43801,-0.00053,27,0
1076,44,14,-0.43801,0.04239,27,0
1077,44,15,-0.43801,0.08694,27,0
1078,44,16,-0.43801,0.12987,27,0
1079,44,17,-0.43801,0.1728,27,0
1080,44,18,-0.43801,0.21735,27,0
1081,44,19,-0.43801,0.26027,27,0
1082,44,20,-0.43801,0.3032,27,0
1083,44,21,-0.43801,0.34775,27,0
1084,44,22,-0.43801,0.39068,27,0
1085,44,23,-0.43801,0.4336,27,0
1086,44,24,-0.43801,0.47815,27,0
1087,44,25,-0.43801,0.52108,27,0
1088,44,26,-0.43801,0.56401,27,1
1089,45,0,-0.48093,-0.56507,27,1
1090,45,1,-0.48093,-0.52215,27,0
1091,45,2,-0.48093,-0.47922,27,0
1092,45,3,-0.48093,-0.43467,27,0
1093,45,4,-0.48093,-0.39174,27,0
1094,45,5,-0.48093,-0.34882,27,0
1095,45,6,-0.48093,-0.30427,27,0
1096,45,7,-0.48093,-0.26134,27,0
1097,45,8,-0.48093,-0.21842,27,0
1098,45,9,-0.48093,-0.17386,27,0
1099,45,10,-0.48093,-0.13094,27,0
1100,45,11,-0.48093,-0.08801,27,0
1101,45,12,-0.48093,-0.04346,27,0
1102,45,13,-0.48093,-0.00053,27,0
1103,45,14,-0.48093,0.04239,27,0
1104,45,15,-0.48093,0.08694,27,0
1105,45,16,-0.48093,0.12987,27,0
1106,45,17,-0.48093,0.1728,27,0
1107,45,18,-0.48093,0.21735,27,0
1108,45,19,-0.48093,0.26027,27,0
1109,45,20,-0.48093,0.3032,27,0
1110,45,21,-0.48093,0.34775,27,0
1111,45,22,-0.48093,0.39068,27,0
1112,45,23,-0.48093,0.4336,27,0
1113,45,24,-0.48093,0.47815,27,0
1114,45,25,-0.48093,0.52108,27,0
1115,45,26,-0.48093,0.56401,27,1
1116,46,0,-0.52386,-0.56507,27,1
1117,46,1,-0.52386,-0.52215,27,0
1118,46,2,-0.52386,-0.47922,27,0
1119,46,3,-0.52386,-0.43467,27,0
1120,46,4,-0.52386,-0.39174,27,0
1121,46,5,-0.52386,-0.34882,27,0
1122,46,6,-0.52386,-0.30427,27,0
1123,46,7,-0.52386,-0.26134,27,0
1124,46,8,-0.52386,-0.21842,27,0
1125,46,9,-0.52386,-0.17386,27,0
1126,46,10,-0.52386,-0.13094,27,0
1127,46,11,-0.52386,-0.08801,27,0
1128,46,12,-0.52386,-0.04346,27,0
1129,46,13,-0.52386,-0.00053,27,0
1130,46,14,-0.52386,0.04239,27,0
1131,46,15,-0.52386,0.08694,27,0
1132,46,16,-0.52386,0.12987,27,0
1133,46,17,-0.52386,0.1728,27,0
1134,46,18,-0.52386,0.21735,27,0
1135,46,19,-0.52386,0.26027,27,0
1136,46,20,-0.52386,0.3032,27,0
1137,46,21,-0.52386,0.34775,27,0
1138,46,22,-0.52386,0.39068,27,0
1139,46,23,-0.52386,0.4336,27,0
1140,46,24,-0.52386,0.47815,27,0
1141,46,25,-0.52386,0.52108,27,0
1142,46,26,-0.52386,0.56401,27,1
1143,47,0,-0.56678,-0.56507,27,1
1144,47,1,-0.56678,-0.52215,27,0
1145,47,2,-0.56678,-0.47922,27,0
1146,47,3,-0.56678,-0.43467,27,0
1147,47,4,-0.56678,-0.39174,27,0
1148,47,5,-0.56678,-0.34882,27,0
1149,47,6,-0.56678,-0.30427,27,0
1150,47,7,-0.56678,-0.26134,27,0
1151,47,8,-0.56678,-0.21842,27,0
1152,47,9,-0.56678,-0.17386,27,0
1153,47,10,-0.56678,-0.13094,27,0
1154,47,11,-0.56678,-0.08801,27,0
1155,47,12,-0.56678,-0.04346,27,0
1156,47,13,-0.56678,-0.00053,27,0
1157,47,14,-0.56678,0.04239,27,0
1158,47,15,-0.56678,0.08694,27,0
1159,47,16,-0.56678,0.12987,27,0
1160,47,17,-0.56678,0.1728,27,0
1161,47,18,-0.56678,0.21735,27,0
1162,47,19,-0.56678,0.26027,27,0
1163,47,20,-0.56678,0.3032,27,0
1164,47,21,-0.56678,0.34775,27,0
1165,47,22,-0.56678,0.39068,27,0
1166,47,23,-0.56678,0.4336,27,0
1167,47,24,-0.56678,0.47815,27,0
1168,47,25,-0.56678,0.52108,27,0
1169,47,26,-0.56678,0.56401,27,1
1170,48,0,-0.60971,-0.56507,27,1
1171,48,1,-0.60971,-0.52215,27,0
1172,48,2,-0.60971,-0.47922,27,0
1173,48,3,-0.60971,-0.43467,27,0
1174,48,4,-0.60971,-0.39174,27,0
1175,48,5,-0.60971,-0.34882,27,0
1176,48,6,-0.60971,-0.30427,27,0
1177,48,7,-0.60971,-0.26134,27,0
1178,48,8,-0.60971,-0.21842,27,0
1179,48,9,-0.60971,-0.17386,27,0
1180,48,10,-0.60971,-0.13094,27,0
1181,48,11,-0.60971,-0.08801,27,0
1182,48,12,-0.60971,-0.04346,27,0
1183,48,13,-0.60971,-0.00053,27,0
1184,48,14,-0.60971,0.04239,27,0
1185,48,15,-0.60971,0.08694,27,0
1186,48,16,-0.60971,0.12987,27,0
1187,48,17,-0.60971,0.1728,27,0
1188,48,18,-0.60971,0.21735,27,0
1189,48,19,-0.60971,0.26027,27,0
1190,48,20,-0.60971,0.3032,27,0
1191,48,21,-0.60971,0.34775,27,0
1192,48,22,-0.60971,0.39068,27,0
1193,48,23,-0.60971,0.4336,27,0
1194,48,24,-0.60971,0.47815,27,0
1195,48,25,-0.60971,0.52108,27,0
1196,48,26,-0.60971,0.56401,27,1
1197,49,0,-0.65264,-0.56507,27,1
1198,49,1,-0.65264,-0.52215,27,0
1199,49,2,-0.65264,-0.47922,27,0
1200,49,3,-0.65264,-0.43467,27,0
1201,49,4,-0.65264,-0.39174,27,0
1202,49,5,-0.65264,-0.34882,27,0
1203,49,6,-0.65264,-0.30427,27,0
1204,49,7,-0.65264,-0.26134,27,0
1205,49,8,-0.65264,-0.21842,27,0
1206,49,9,-0.65264,-0.17386,27,0
1207,49,10,-0.65264,-0.13094,27,0
1208,49,11,-0.65264,-0.08801,27,0
1209,49,12,-0.65264,-0.04346,27,0
1210,49,13,-0.65264,-0.00053,27,0
1211,49,14,-0.65264,0.04239,27,0
1212,49,15,-0.65264,0.08694,27,0
1213,49,16,-0.65264,0.12987,27,0
1214,49,17,-0.65264,0.1728,27,0
1215,49,18,-0.65264,0.21735,27,0
1216,49,19,-0.65264,0.26027,27,0
1217,49,20,-0.65264,0.3032,27,0
1218,49,21,-0.65264,0.34775,27,0
1219,49,22,-0.65264,0.39068,27,0
1220,49,23,-0.65264,0.4336,27,0
1221,49,24,-0.65264,0.47815,27,0
1222,49,25,-0.65264,0.52108,27,0
1223,49,26,-0.65264,0.56401,27,1
1224,50,0,-0.69556,-0.56507,27,1
1225,50,1,-0.69556,-0.52215,27,0
1226,50,2,-0.69556,-0.47922,27,0
1227,50,3,-0.69556,-0.43467,27,0
1228,50,4,-0.69556,-0.39174,27,0
1229,50,5,-0.69556,-0.34882,27,0
1230,50,6,-0.69556,-0.30427,27,0
1231,50,7,-0.69556,-0.26134,27,0
1232,50,8,-0.69556,-0.21842,27,0
1233,50,9,-0.69556,-0.17386,27,0
1234,50,10,-0.69556,-0.13094,27,0
1235,50,11,-0.69556,-0.08801,27,0
1236,50,12,-0.69556,-0.04346,27,0
1237,50,13,-0.69556,-0.00053,27,0
1238,50,14,-0.69556,0.04239,27,0
1239,50,15,-0.69556,0.08694,27,0
1240,50,16,-0.69556,0.12987,27,0
1241,50,17,-0.69556,0.1728,27,0
1242,50,18,-0.69556,0.21735,27,0
1243,50,19,-0.69556,0.26027,27,0
1244,50,20,-0.69556,0.3032,27,0
1245,50,21,-0.69556,0.34775,27,0
1246,50,22,-0.69556,0.39068,27,0
1247,50,23,-0.69556,0.4336,27,0
1248,50,24,-0.69556,0.47815,27,0
1249,50,25,-0.69556,0.52108,27,0
1250,50,26,-0.69556,0.56401,27,1
1251,51,0,-0.73849,-0.56507,27,1
1252,51,1,-0.73849,-0.52215,27,0
1253,51,2,-0.73849,-0.47922,27,0
1254,51,3,-0.73849,-0.43467,27,0
1255,51,4,-0.73849,-0.39174,27,0
1256,51,5,-0.73849,-0.34882,27,0
1257,51,6,-0.73849,-0.30427,27,0
1258,51,7,-0.73849,-0.26134,27,0
1259,51,8,-0.73849,-0.21842,27,0
1260,51,9,-0.73849,-0.17386,27,0
1261,51,10,-0.73849,-0.13094,27,0
1262,51,11,-0.73849,-0.08801,27,0
1263,51,12,-0.73849,-0.04346,27,0
1264,51,13,-0.73849,-0.00053,27,0
1265,51,14,-0.73849,0.04239,27,0
1266,51,15,-0.73849,0.08694,27,0
1267,51,16,-0.73849,0.12987,27,0
1268,51,17,-0.73849,0.1728,27,0
1269,51,18,-0.73849,0.21735,27,0
1270,51,19,-0.73849,0.26027,27,0
1271,51,20,-0.73849,0.3032,27,0
1272,51,21,-0.73849,0.34775,27,0
1273,51,22,-0.73849,0.39068,27,0
1274,51,23,-0.73849,0.4336,27,0
1275,51,24,-0.73849,0.47815,27,0
1276,51,25,-0.73849,0.52108,27,0
1277,51,26,-0.73849,0.56401,27,1
1278,52,0,-0.78141,-0.56507,27,1
1279,52,1,-0.78141,-0.52215,27,0
1280,52,2,-0.78141,-0.47922,27,0
1281,52,3,-0.78141,-0.43467,27,0
1282,52,4,-0.78141,-0.39174,27,0
1283,52,5,-0.78141,-0.34882,27,0
1284,52,6,-0.78141,-0.30427,27,0
1285,52,7,-0.78141,-0.26134,27,0
1286,52,8,-0.78141,-0.21842,27,0
1287,52,9,-0.78141,-0.17386,27,0
1288,52,10,-0.78141,-0.13094,27,0
1289,52,11,-0.78141,-0.08801,27,0
1290,52,12,-0.78141,-0.04346,27,0
1291,52,13,-0.78141,-0.00053,27,0
1292,52,14,-0.78141,0.04239,27,0
1293,52,15,-0.78141,0.08694,27,0
1294,52,16,-0.78141,0.12987,27,0
1295,52,17,-0.78141,0.1728,27,0
1296,52,18,-0.78141,0.21735,27,0
1297,52,19,-0.78141,0.26027,27,0
1298,52,20,-0.78141,0.3032,27,0
1299,52,21,-0.78141,0.34775,27,0
1300,52,22,-0.78141,0.39068,27,0
1301,52,23,-0.78141,0.4336,27,0
1302,52,24,-0.78141,0.47815,27,0
1303,52,25,-0.78141,0.52108,27,0
1304,52,26,-0.78141,0.56401,27,1
1305,53,0,-0.82434,-0.56507,27,1
1306,53,1,-0.82434,-0.52215,27,0
1307,53,2,-0.82434,-0.47922,27,0
1308,53,3,-0.82434,-0.43467,27,0
1309,53,4,-0.82434,-0.39174,27,0
1310,53,5,-0.82434,-0.34882,27,0
1311,53,6,-0.82434,-0.30427,27,0
1312,53,7,-0.82434,-0.26134,27,0
1313,53,8,-0.82434,-0.21842,27,0
1314,53,9,-0.82434,-0.17386,27,0
1315,53,10,-0.82434,-0.13094,27,0
1316,53,11,-0.82434,-0.08801,27,0
1317,53,12,-0.82434,-0.04346,27,0
1318,53,13,-0.82434,-0.00053,27,0
1319,53,14,-0.82434,0.04239,27,0
1320,53,15,-0.82434,0.08694,27,0
1321,53,16,-0.82434,0.12987,27,0
1322,53,17,-0.82434,0.1728,27,0
1323,53,18,-0.82434,0.21735,27,0
1324,53,19,-0.82434,0.26027,27,0
1325,53,20,-0.82434,0.3032,27,0
1326,53,21,-0.82434,0.34775,27,0
1327,53,22,-0.82434,0.39068,27,0
1328,53,23,-0.82434,0.4336,27,0
1329,53,24,-0.82434,0.47815,27,0
1330,53,25,-0.82434,0.52108,27,0
1331,53,26,-0.82434,0.56401,27,1
1332,54,0,-0.86727,-0.56507,24,1
1333,54,1,-0.86727,-0.52215,24,0
1334,54,2,-0.86727,-0.47922,24,0
1335,54,3,-0.86727,-0.43467,24,0
1336,54,4,-0.86727,-0.39174,24,0
1337,54,5,-0.86727,-0.34882,24,0
1338,54,6,-0.86727,-0.30427,24,0
1339,54,7,-0.86727,-0.26134,24,0
1340,54,8,-0.86727,-0.21842,24,0
1341,54,9,-0.86727,-0.17386,24,0
1342,54,10,-0.86727,-0.13094,24,0
1343,54,11,-0.86727,-0.08801,24,0
1344,54,12,-0.86727,-0.04346,24,0
1345,54,13,-0.86727,-0.00053,24,0
1346,54,14,-0.86727,0.04239,24,0
1347,54,15,-0.86727,0.08694,24,0
1348,54,16,-0.86727,0.12987,24,0
1349,54,17,-0.86727,0.1728,24,0
1350,54,18,-0.86727,0.21735,24,0
1351,54,19,-0.86727,0.26027,24,0
1352,54,20,-0.86727,0.3032,24,0
1353,54,21,-0.86727,0.34775,24,0
1354,54,22,-0.86727,0.39068,24,0
1355,54,23,-0.86727,0.4336,24,1
1356,55,0,-0.91019,-0.56507,24,1
1357,55,1,-0.91019,-0.52215,24,0
1358,55,2,-0.91019,-0.47922,24,0
1359,55,3,-0.91019,-0.43467,24,0
1360,55,4,-0.91019,-0.39174,24,0
1361,55,5,-0.91019,-0.34882,24,0
1362,55,6,-0.91019,-0.30427,24,0
1363,55,7,-0.91019,-0.26134,24,0
1364,55,8,-0.91019,-0.21842,24,0
1365,55,9,-0.91019,-0.17386,24,0
1366,55,10,-0.91019,-0.13094,24,0
1367,55,11,-0.91019,-0.08801,24,0
1368,55,12,-0.91019,-0.04346,24,0
1369,55,13,-0.91019,-0.00053,24,0
1370,55,14,-0.91019,0.04239,24,0
1371,55,15,-0.91019,0.08694,24,0
1372,55,16,-0.91019,0.12987,24,0
1373,55,17,-0.91019,0.1728,24,0
1374,55,18,-0.91019,0.21735,24,0
1375,55,19,-0.91019,0.26027,24,0
1376,55,20,-0.91019,0.3032,24,0
1377,55,21,-0.91019,0.34775,24,0
1378,55,22,-0.91019,0.39068,24,0
1379,55,23,-0.91019,0.4336,24,1
1380,56,0,-0.95312,-0.56507,24,1
1381,56,1,-0.95312,-0.52215,24,0
1382,56,2,-0.95312,-0.47922,24,0
1383,56,3,-0.95312,-0.43467,24,0
1384,56,4,-0.95312,-0.39174,24,0
1385,56,5,-0.95312,-0.34882,24,0
1386,56,6,-0.95312,-0.30427,24,0
1387,56,7,-0.95312,-0.26134,24,0
1388,56,8,-0.95312,-0.21842,24,0
1389,56,9,-0.95312,-0.17386,24,0
1390,56,10,-0.95312,-0.13094,24,0
1391,56,11,-0.95312,-0.08801,24,0
1392,56,12,-0.95312,-0.04346,24,0
1393,56,13,-0.95312,-0.00053,24,0
1394,56,14,-0.95312,0.04239,24,0
1395,56,15,-0.95312,0.08694,24,0
1396,56,16,-0.95312,0.12987,24,0
1397,56,17,-0.95312,0.1728,24,0
1398,56,18,-0.95312,0.21735,24,0
1399,56,19,-0.95312,0.26027,24,0
1400,56,20,-0.95312,0.3032,24,0
1401,56,21,-0.95312,0.34775,24,0
1402,56,22,-0.95312,0.39068,24,0
1403,56,23,-0.95312,0.4336,24,1
1404,57,0,-0.99605,-0.62217,24,1
1405,57,1,-0.99605,-0.57925,24,0
1406,57,2,-0.99605,-0.53632,24,0
1407,57,3,-0.99605,-0.49177,24,0
1408,57,4,-0.99605,-0.44884,24,0
1409,57,5,-0.99605,-0.40592,24,0
1410,57,6,-0.99605,-0.36137,24,0
1411,57,7,-0.99605,-0.31844,24,0
1412,57,8,-0.99605,-0.27551,24,0
1413,57,9,-0.99605,-0.23096,24,0
1414,57,10,-0.99605,-0.18804,24,0
1415,57,11,-0.99605,-0.14511,24,0
1416,57,12,-0.99605,-0.10056,24,0
1417,57,13,-0.99605,-0.05763,24,0
1418,57,14,-0.99605,-0.01471,24,0
1419,57,15,-0.99605,0.02984,24,0
1420,57,16,-0.99605,0.07277,24,0
1421,57,17,-0.99605,0.1157,24,0
1422,57,18,-0.99605,0.16025,24,0
1423,57,19,-0.99605,0.20317,24,0
1424,57,20,-0.99605,0.2461,24,0
1425,57,21,-0.99605,0.29065,24,0
1426,57,22,-0.99605,0.33358,24,0
1427,57,23,-0.99605,0.3765,24,1
1428,58,0,-1.03897,-0.62217,24,1
1429,58,1,-1.03897,-0.57925,24,0
1430,58,2,-1.03897,-0.53632,24,0
1431,58,3,-1.03897,-0.49177,24,0
1432,58,4,-1.03897,-0.44884,24,0
1433,58,5,-1.03897,-0.40592,24,0
1434,58,6,-1.03897,-0.36137,24,0
1435,58,7,-1.03897,-0.31844,24,0
1436,58,8,-1.03897,-0.27551,24,0
1437,58,9,-1.03897,-0.23096,24,0
1438,58,10,-1.03897,-0.18804,24,0
1439,58,11,-1.03897,-0.14511,24,0
1440,58,12,-1.03897,-0.10056,24,0
1441,58,13,-1.03897,-0.05763,24,0
1442,58,14,-1.03897,-0.01471,24,0
1443,58,15,-1.03897,0.02984,24,0
1444,58,16,-1.03897,0.07277,24,0
1445,58,17,-1.03897,0.1157,24,0
1446,58,18,-1.03897,0.16025,24,0
1447,58,19,-1.03897,0.20317,24,0
1448,58,20,-1.03897,0.2461,24,0
1449,58,21,-1.03897,0.29065,24,0
1450,58,22,-1.03897,0.33358,24,0
1451,58,23,-1.03897,0.3765,24,1
1452,59,0,-1.0819,-0.62217,24,1
1453,59,1,-1.0819,-0.57925,24,0
1454,59,2,-1.0819,-0.53632,24,0
1455,59,3,-1.0819,-0.49177,24,0
1456,59,4,-1.0819,-0.44884,24,0
1457,59,5,-1.0819,-0.40592,24,0
1458,59,6,-1.0819,-0.36137,24,0
1459,59,7,-1.0819,-0.31844,24,0
1460,59,8,-1.0819,-0.27551,24,0
1461,59,9,-1.0819,-0.23096,24,0
1462,59,10,-1.0819,-0.18804,24,0
1463,59,11,-1.0819,-0.14511,24,0
1464,59,12,-1.0819,-0.10056,24,0
1465,59,13,-1.0819,-0.05763,24,0
1466,59,14,-1.0819,-0.01471,24,0
1467,59,15,-1.0819,0.02984,24,0
1468,59,16,-1.0819,0.07277,24,0
1469,59,17,-1.0819,0.1157,24,0
1470,59,18,-1.0819,0.16025,24,0
1471,59,19,-1.0819,0.20317,24,0
1472,59,20,-1.0819,0.2461,24,0
1473,59,21,-1.0819,0.29065,24,0
1474,59,22,-1.0819,0.33358,24,0
1475,59,23,-1.0819,0.3765,24,1
1476,60,0,-1.12482,-0.57777,21,1
1477,60,1,-1.12482,-0.53485,21,0
1478,60,2,-1.12482,-0.49192,21,0
1479,60,3,-1.12482,-0.44737,21,0
1480,60,4,-1.12482,-0.40444,21,0
1481,60,5,-1.12482,-0.36152,21,0
1482,60,6,-1.12482,-0.31697,21,0
1483,60,7,-1.12482,-0.27404,21,0
1484,60,8,-1.12482,-0.23112,21,0
1485,60,9,-1.12482,-0.18656,21,0
1486,60,10,-1.12482,-0.14364,21,0
1487,60,11,-1.12482,-0.10071,21,0
1488,60,12,-1.12482,-0.05616,21,0
1489,60,13,-1.12482,-0.01323,21,0
1490,60,14,-1.12482,0.02969,21,0
1491,60,15,-1.12482,0.07424,21,0
1492,60,16,-1.12482,0.11717,21,0
1493,60,17,-1.12482,0.1601,21,0
1494,60,18,-1.12482,0.20465,21,0
1495,60,19,-1.12482,0.24757,21,0
1496,60,20,-1.12482,0.2905,21,1
1497,61,0,-1.16775,-0.57777,21,1
1498,61,1,-1.16775,-0.53485,21,0
1499,61,2,-1.16775,-0.49192,21,0
1500,61,3,-1.16775,-0.44737,21,0
1501,61,4,-1.16775,-0.40444,21,0
1502,61,5,-1.16775,-0.36152,21,0
1503,61,6,-1.16775,-0.31697,21,0
1504,61,7,-1.16775,-0.27404,21,0
1505,61,8,-1.16775,-0.23112,21,0
1506,61,9,-1.16775,-0.18656,21,0
1507,61,10,-1.16775,-0.14364,21,0
1508,61,11,-1.16775,-0.10071,21,0
1509,61,12,-1.16775,-0.05616,21,0
1510,61,13,-1.16775,-0.01323,21,0
1511,61,14,-1.16775,0.02969,21,0
1512,61,15,-1.16775,0.07424,21,0
1513,61,16,-1.16775,0.11717,21,0
1514,61,17,-1.16775,0.1601,21,0
1515,61,18,-1.16775,0.20465,21,0
1516,61,19,-1.16775,0.24757,21,0
1517,61,20,-1.16775,0.2905,21,1
1518,62,0,-1.21067,-0.57777,21,1
1519,62,1,-1.21067,-0.53485,21,0
1520,62,2,-1.21067,-0.49192,21,0
1521,62,3,-1.21067,-0.44737,21,0
1522,62,4,-1.21067,-0.40444,21,0
1523,62,5,-1.21067,-0.36152,21,0
1524,62,6,-1.21067,-0.31697,21,0
1525,62,7,-1.21067,-0.27404,21,0
1526,62,8,-1.21067,-0.23112,21,0
1527,62,9,-1.21067,-0.18656,21,0
1528,62,10,-1.21067,-0.14364,21,0
1529,62,11,-1.21067,-0.10071,21,0
1530,62,12,-1.21067,-0.05616,21,0
1531,62,13,-1.21067,-0.01323,21,0
1532,62,14,-1.21067,0.02969,21,0
1533,62,15,-1.21067,0.07424,21,0
1534,62,16,-1.21067,0.11717,21,0
1535,62,17,-1.21067,0.1601,21,0
1536,62,18,-1.21067,0.20465,21,0
1537,62,19,-1.21067,0.24757,21,0
1538,62,20,-1.21067,0.2905,21,1
1539,63,0,-1.2536,-0.62217,21,1
1540,63,1,-1.2536,-0.57925,21,0
1541,63,2,-1.2536,-0.53632,21,0
1542,63,3,-1.2536,-0.49177,21,0
1543,63,4,-1.2536,-0.44884,21,0
1544,63,5,-1.2536,-0.40592,21,0
1545,63,6,-1.2536,-0.36137,21,0
1546,63,7,-1.2536,-0.31844,21,0
1547,63,8,-1.2536,-0.27551,21,0
1548,63,9,-1.2536,-0.23096,21,0
1549,63,10,-1.2536,-0.18804,21,0
1550,63,11,-1.2536,-0.14511,21,0
1551,63,12,-1.2536,-0.10056,21,0
1552,63,13,-1.2536,-0.05763,21,0
1553,63,14,-1.2536,-0.01471,21,0
1554,63,15,-1.2536,0.02984,21,0
1555,63,16,-1.2536,0.07277,21,0
1556,63,17,-1.2536,0.1157,21,0
1557,63,18,-1.2536,0.16025,21,0
1558,63,19,-1.2536,0.20317,21,0
1559,63,20,-1.2536,0.2461,21,1
1560,64,0,-1.29653,-0.62217,21,1
1561,64,1,-1.29653,-0.57925,21,0
1562,64,2,-1.29653,-0.53632,21,0
1563,64,3,-1.29653,-0.49177,21,0
1564,64,4,-1.29653,-0.44884,21,0
1565,64,5,-1.29653,-0.40592,21,0
1566,64,6,-1.29653,-0.36137,21,0
1567,64,7,-1.29653,-0.31844,21,0
1568,64,8,-1.29653,-0.27551,21,0
1569,64,9,-1.29653,-0.23096,21,0
1570,64,10,-1.29653,-0.18804,21,0
1571,64,11,-1.29653,-0.14511,21,0
1572,64,12,-1.29653,-0.10056,21,0
1573,64,13,-1.29653,-0.05763,21,0
1574,64,14,-1.29653,-0.01471,21,0
1575,64,15,-1.29653,0.02984,21,0
1576,64,16,-1.29653,0.07277,21,0
1577,64,17,-1.29653,0.1157,21,0
1578,64,18,-1.29653,0.16025,21,0
1579,64,19,-1.29653,0.20317,21,0
1580,64,20,-1.29653,0.2461,21,1
1581,65,0,-1.33945,-0.62217,21,1
1582,65,1,-1.33945,-0.57925,21,0
1583,65,2,-1.33945,-0.53632,21,0
1584,65,3,-1.33945,-0.49177,21,0
1585,65,4,-1.33945,-0.44884,21,0
1586,65,5,-1.33945,-0.40592,21,0
1587,65,6,-1.33945,-0.36137,21,0
1588,65,7,-1.33945,-0.31844,21,0
1589,65,8,-1.33945,-0.27551,21,0
1590,65,9,-1.33945,-0.23096,21,0
1591,65,10,-1.33945,-0.18804,21,0
1592,65,11,-1.33945,-0.14511,21,0
1593,65,12,-1.33945,-0.10056,21,0
1594,65,13,-1.33945,-0.05763,21,0
1595,65,14,-1.33945,-0.01471,21,0
1596,65,15,-1.33945,0.02984,21,0
1597,65,16,-1.33945,0.07277,21,0
1598,65,17,-1.33945,0.1157,21,0
1599,65,18,-1.33945,0.16025,21,0
1600,65,19,-1.33945,0.20317,21,0
1601,65,20,-1.33945,0.2461,21,1
1602,66,0,-1.38238,-0.57777,18,1
1603,66,1,-1.38238,-0.53485,18,0
1604,66,2,-1.38238,-0.49192,18,0
1605,66,3,-1.38238,-0.44737,18,0
1606,66,4,-1.38238,-0.40444,18,0
1607,66,5,-1.38238,-0.36152,18,0
1608,66,6,-1.38238,-0.31697,18,0
1609,66,7,-1.38238,-0.27404,18,0
1610,66,8,-1.38238,-0.23112,18,0
1611,66,9,-1.38238,-0.18656,18,0
1612,66,10,-1.38238,-0.14364,18,0
1613,66,11,-1.38238,-0.10071,18,0
1614,66,12,-1.38238,-0.05616,18,0
1615,66,13,-1.38238,-0.01323,18,0
1616,66,14,-1.38238,0.02969,18,0
1617,66,15,-1.38238,0.07424,18,0
1618,66,16,-1.38238,0.11717,18,0
1619,66,17,-1.38238,0.1601,18,1
1620,67,0,-1.4253,-0.57777,18,1
1621,67,1,-1.4253,-0.53485,18,0
1622,67,2,-1.4253,-0.49192,18,0
1623,67,3,-1.4253,-0.44737,18,0
1624,67,4,-1.4253,-0.40444,18,0
1625,67,5,-1.4253,-0.36152,18,0
1626,67,6,-1.4253,-0.31697,18,0
1627,67,7,-1.4253,-0.27404,18,0
1628,67,8,-1.4253,-0.23112,18,0
1629,67,9,-1.4253,-0.18656,18,0
1630,67,10,-1.4253,-0.14364,18,0
1631,67,11,-1.4253,-0.10071,18,0
1632,67,12,-1.4253,-0.05616,18,0
1633,67,13,-1.4253,-0.01323,18,0
1634,67,14,-1.4253,0.02969,18,0
1635,67,15,-1.4253,0.07424,18,0
1636,67,16,-1.4253,0.11717,18,0
1637,67,17,-1.4253,0.1601,18,1
1638,68,0,-1.46823,-0.57777,18,1
1639,68,1,-1.46823,-0.53485,18,1
1640,68,2,-1.46823,-0.49192,18,1
1641,68,3,-1.46823,-0.44737,18,1
1642,68,4,-1.46823,-0.40444,18,1
1643,68,5,-1.46823,-0.36152,18,1
1644,68,6,-1.46823,-0.31697,18,1
1645,68,7,-1.46823,-0.27404,18,1
1646,68,8,-1.46823,-0.23112,18,1
1647,68,9,-1.46823,-0.18656,18,1
1648,68,10,-1.46823,-0.14364,18,1
1649,68,11,-1.46823,-0.10071,18,1
1650,68,12,-1.46823,-0.05616,18,1
1651,68,13,-1.46823,-0.01323,18,1
1652,68,14,-1.46823,0.02969,18,1
1653,68,15,-1.46823,0.07424,18,1
1654,68,16,-1.46823,0.11717,18,1
1655,68,17,-1.46823,0.1601,18,1